{"Node1":{"0":0,"1":0,"2":0,"3":0,"4":0,"5":0,"6":0,"7":0,"8":0,"9":0,"10":0,"11":0,"12":0,"13":0,"14":0,"15":0,"16":0,"17":0,"18":0,"19":0,"20":0,"21":0,"22":0,"23":0,"24":0,"25":0,"26":0,"27":0,"28":0,"29":0,"30":0,"31":0,"32":0,"33":0,"34":0,"35":0,"36":0},"Node2":{"0":1,"1":2,"2":3,"3":4,"4":5,"5":6,"6":7,"7":8,"8":9,"9":10,"10":11,"11":12,"12":13,"13":14,"14":15,"15":16,"16":17,"17":18,"18":19,"19":20,"20":21,"21":22,"22":23,"23":24,"24":25,"25":26,"26":27,"27":28,"28":29,"29":30,"30":31,"31":32,"32":33,"33":34,"34":35,"35":36,"36":37},"Energy_forward (kcal\/mol)":{"0":6.897016,"1":3.376448,"2":37.715771,"3":40.862112,"4":35.4826,"5":68.479316,"6":40.883626,"7":43.448121,"8":53.58492,"9":93.032954,"10":67.608558,"11":73.75596,"12":40.735353,"13":84.90358,"14":84.85346,"15":47.296041,"16":28.322858,"17":52.673298,"18":46.630751,"19":46.610445,"20":31.619864,"21":98.483058,"22":65.591706,"23":63.56973,"24":98.716853,"25":50.239259,"26":26.283968,"27":37.727696,"28":52.782786,"29":39.392616,"30":26.346043,"31":63.747601,"32":37.69255,"33":73.687716,"34":82.948098,"35":67.359659,"36":81.601488},"Energy_backward (kcal\/mol)":{"0":33.334432,"1":9.853028,"2":5.11377,"3":8.082334,"4":3.040765,"5":94.856611,"6":25.564271,"7":28.013232,"8":18.654085,"9":9.374413,"10":16.75878,"11":63.563287,"12":18.179219,"13":50.276351,"14":83.303947,"15":76.307118,"16":36.742777,"17":4.735633,"18":64.925227,"19":77.043393,"20":32.192083,"21":61.449859,"22":13.481454,"23":21.281865,"24":59.75719,"25":21.623297,"26":9.157471,"27":20.232481,"28":55.840591,"29":41.307313,"30":9.167158,"31":10.510097,"32":11.265249,"33":41.083759,"34":23.772385,"35":48.520257,"36":6.309323},"G0":{"0":46,"1":27,"2":4,"3":1,"4":2,"5":1,"6":1,"7":2,"8":0,"9":0,"10":0,"11":0,"12":0,"13":0,"14":0,"15":0,"16":0,"17":0,"18":0,"19":0,"20":0,"21":0,"22":0,"23":0,"24":0,"25":0,"26":0,"27":0,"28":0,"29":0,"30":0,"31":0,"32":0,"33":0,"34":0,"35":0,"36":0},"G1":{"0":0,"1":0,"2":0,"3":16,"4":0,"5":0,"6":0,"7":13,"8":21,"9":1,"10":2,"11":17,"12":6,"13":3,"14":1,"15":1,"16":4,"17":3,"18":0,"19":0,"20":0,"21":0,"22":0,"23":0,"24":0,"25":0,"26":0,"27":0,"28":0,"29":0,"30":0,"31":0,"32":0,"33":0,"34":0,"35":0,"36":0},"G2":{"0":36,"1":5,"2":2,"3":0,"4":0,"5":0,"6":0,"7":0,"8":0,"9":0,"10":0,"11":0,"12":0,"13":0,"14":0,"15":0,"16":14,"17":6,"18":2,"19":4,"20":1,"21":2,"22":2,"23":6,"24":1,"25":1,"26":1,"27":1,"28":1,"29":1,"30":2,"31":1,"32":1,"33":0,"34":0,"35":0,"36":0},"G3":{"0":50,"1":37,"2":0,"3":0,"4":0,"5":0,"6":0,"7":0,"8":0,"9":0,"10":0,"11":0,"12":0,"13":0,"14":0,"15":0,"16":0,"17":0,"18":0,"19":0,"20":0,"21":0,"22":0,"23":0,"24":0,"25":0,"26":0,"27":0,"28":0,"29":0,"30":0,"31":0,"32":0,"33":1,"34":1,"35":1,"36":2}}
